id,name,datetime,department_id,job_id
2357,role,2021-06-21 19:00:32,273,361
9441,figure,2018-07-01 09:21:43,806,179
37,agency,1987-04-06 01:25:54,745,352
1558,occur,1992-02-06 05:38:59,118,333
5449,business,1998-06-30 01:46:25,689,892
7703,put,2021-11-27 17:05:01,742,413
3779,probably,2007-03-09 18:54:57,858,156
1010,Mr,2007-02-10 16:15:06,634,431
5155,while,2013-11-08 09:35:45,257,24
3801,attention,2016-11-15 04:28:52,348,414
9297,middle,1984-02-01 10:21:33,27,437
2998,every,2023-06-26 12:59:28,99,241
2403,approach,1971-04-30 18:13:18,814,299
3926,again,1976-12-21 14:19:11,195,119
9126,know,2015-08-18 22:33:08,530,169
7257,bad,1976-12-25 11:17:39,102,845
3462,space,1974-04-03 14:57:06,75,203
4532,effort,2008-04-17 12:30:50,440,445
7881,standard,1974-08-11 09:26:05,705,457
1447,international,1987-07-01 00:35:43,894,728
2490,recent,1976-02-24 05:43:49,433,736
756,over,1976-04-08 04:45:36,198,191
3322,determine,1983-10-13 11:49:32,638,712
6972,maybe,1977-07-23 22:09:44,951,390
9210,anyone,1977-02-04 02:00:28,207,388
9814,include,1979-06-26 18:34:04,830,312
6390,cup,2018-07-13 05:57:31,567,611
6757,movie,2022-07-20 18:37:58,149,337
6210,professor,1988-01-30 18:53:35,924,620
9655,term,2010-04-16 00:11:27,446,551
